id;status;level;trainer;active_from;activeto
1;council;gracefully;until;2024-01-31T13:24:58;2024-01-31T13:28:02
2;um;remains;defiantly gladly;2024-01-31T07:27:11;2024-01-30T23:40:28
3;writer;never and;educated qua;2024-01-31T08:19:09;2024-01-31T03:18:40
4;doctrine;combat;ack;2024-01-31T21:50:22;2024-01-31T06:56:22
5;opposite;recklessly bold because;the;2024-01-31T20:16:00;2024-01-31T13:08:03
6;gosh;awkwardly boo;salute uselessly until;2024-01-31T15:03:15;2024-01-31T16:45:06
7;aha bedrock;evenly jewelry;westernise hence;2024-01-31T17:59:18;2024-01-31T15:32:07
8;around why;lazily unless;firebomb promptly emphasis;2024-01-31T14:18:46;2024-01-31T00:31:33
9;driveway perfect;midst times braces;but;2024-01-31T04:14:40;2024-01-31T19:36:15
10;after beneath;palm whenever searchingly;repentant;2024-01-31T18:08:26;2024-01-31T14:00:35
